{"i":1000,"val_loss_history":[2.3362413360959],"val_loss_history_it":[1000],"forward_backward_times":{},"opt":{"max_epochs":50,"checkpoint_every":1000,"batch_size":50,"memory_benchmark":0,"init_from":"","grad_clip":5,"model_type":"lstm","lr_decay_every":5,"print_every":1,"wordvec_size":64,"seq_length":50,"input_json":"data\/towns.json","num_layers":2,"input_h5":"data\/towns.h5","reset_iterations":1,"rnn_size":128,"dropout":0,"checkpoint_name":"cv\/checkpoint","batchnorm":0,"learning_rate":0.002,"speed_benchmark":0,"gpu_backend":"cuda","lr_decay_factor":0.5,"gpu":-1},"train_loss_history":[4.4234004020691,4.3013563156128,4.1347217559814,3.9453659057617,3.8036179542542,3.6414389610291,3.5075159072876,3.4502418041229,3.4222660064697,3.4053981304169,3.3969812393188,3.3864703178406,3.3685300350189,3.4004755020142,3.4012672901154,3.3987956047058,3.3778371810913,3.3455593585968,3.3794293403625,3.3684241771698,3.3609495162964,3.3767652511597,3.3309605121613,3.3641502857208,3.3967347145081,3.3332879543304,3.3301553726196,3.3256537914276,3.2961027622223,3.3150203227997,3.3134055137634,3.2972640991211,3.3102231025696,3.2840394973755,3.3145797252655,3.2952334880829,3.2997024059296,3.2896194458008,3.2704148292542,3.2730307579041,3.2507164478302,3.2527024745941,3.2300531864166,3.240273475647,3.2172288894653,3.1753284931183,3.1601395606995,3.1491942405701,3.1432135105133,3.1395792961121,3.0991144180298,3.0764360427856,3.0344660282135,3.025927066803,3.022852897644,3.0146446228027,3.0148019790649,3.0009808540344,2.9559504985809,2.9371635913849,2.9303562641144,2.9173443317413,2.9075176715851,2.8730049133301,2.8757605552673,2.8221790790558,2.8205823898315,2.7911577224731,2.7512445449829,2.7303397655487,2.7469751834869,2.7409112453461,2.704981803894,2.6607098579407,2.659773349762,2.6485223770142,2.7040750980377,2.6354193687439,2.6388726234436,2.6567459106445,2.6526811122894,2.673469543457,2.6662826538086,2.6206271648407,2.6090822219849,2.5975248813629,2.5665593147278,2.5412628650665,2.5932459831238,2.5093584060669,2.6049468517303,2.5252938270569,2.5550720691681,2.514500617981,2.5498569011688,2.528169631958,2.5164704322815,2.5276083946228,2.4730613231659,2.5573585033417,2.5185160636902,2.5217363834381,2.5321786403656,2.5542244911194,2.5577630996704,2.5456104278564,2.5574531555176,2.4794039726257,2.424836397171,2.445517539978,2.4685668945312,2.4627075195312,2.4526662826538,2.4661238193512,2.5078518390656,2.4476823806763,2.4892556667328,2.4771134853363,2.5007729530334,2.4906039237976,2.5553667545319,2.5106608867645,2.4736323356628,2.4595456123352,2.4671430587769,2.4235510826111,2.4825963973999,2.3561787605286,2.3928425312042,2.4202032089233,2.3670933246613,2.4071264266968,2.3848536014557,2.3983595371246,2.3641307353973,2.3789241313934,2.369063615799,2.4214143753052,2.4545390605927,2.3637449741364,2.3456859588623,2.3155889511108,2.3307814598083,2.3665952682495,2.344007730484,2.3078560829163,2.3191096782684,2.2928943634033,2.3264782428741,2.3052899837494,2.3133249282837,2.2768115997314,2.3294124603271,2.2970795631409,2.2595963478088,2.2874486446381,2.269734621048,2.2129862308502,2.3354516029358,2.2850120067596,2.3047106266022,2.2853586673737,2.3388607501984,2.2830731868744,2.316684961319,2.3232219219208,2.2701609134674,2.2645652294159,2.3809583187103,2.3302783966064,2.2294838428497,2.2321186065674,2.2027311325073,2.2413046360016,2.1812169551849,2.1738495826721,2.2023179531097,2.2343261241913,2.2325747013092,2.2717280387878,2.2301576137543,2.2068617343903,2.252724647522,2.2419395446777,2.2862222194672,2.2671346664429,2.1935677528381,2.2305209636688,2.2371649742126,2.2395684719086,2.297384262085,2.2632625102997,2.3201947212219,2.3444101810455,2.2322626113892,2.2165184020996,2.2269833087921,2.1505994796753,2.1968929767609,2.231344461441,2.2155961990356,2.2359662055969,2.2286438941956,2.2900476455688,2.3001930713654,2.2774348258972,2.2547912597656,2.2416768074036,2.2633893489838,2.2687959671021,2.2867376804352,2.2239606380463,2.2158467769623,2.2051885128021,2.1565821170807,2.1932575702667,2.1765682697296,2.264641046524,2.2858517169952,2.1970283985138,2.1696071624756,2.1754372119904,2.1785125732422,2.1672585010529,2.1817772388458,2.283882856369,2.2274332046509,2.1959056854248,2.238912820816,2.2162525653839,2.2065978050232,2.1918113231659,2.1953949928284,2.2340795993805,2.1764719486237,2.1695787906647,2.1883616447449,2.1277294158936,2.1122698783875,2.1699104309082,2.1818609237671,2.1807515621185,2.1850388050079,2.1963400840759,2.1554124355316,2.2032270431519,2.1845545768738,2.1711132526398,2.2193591594696,2.201221704483,2.2559804916382,2.217134475708,2.163510799408,2.1812252998352,2.140965461731,2.1372897624969,2.0961666107178,2.1808893680573,2.0969417095184,2.1928732395172,2.1004431247711,2.1428055763245,2.0925188064575,2.1246342658997,2.1169211864471,2.1481053829193,2.1433508396149,2.0670447349548,2.1734640598297,2.1167171001434,2.1303553581238,2.1502454280853,2.2232165336609,2.2332837581635,2.2070977687836,2.1850981712341,2.1378107070923,2.0514483451843,2.0922782421112,2.1293759346008,2.1361167430878,2.1200573444366,2.1413671970367,2.1903865337372,2.1300480365753,2.1523993015289,2.1340324878693,2.1771385669708,2.2031257152557,2.3012669086456,2.1900119781494,2.1949610710144,2.1944456100464,2.1760194301605,2.1616518497467,2.232937335968,2.0594866275787,2.1020774841309,2.1414535045624,2.0926628112793,2.1205821037292,2.1176211833954,2.1136860847473,2.0638530254364,2.0891518592834,2.1148710250854,2.1369979381561,2.1858742237091,2.1013889312744,2.0630676746368,2.038117647171,2.048691034317,2.0980987548828,2.1067996025085,2.0186891555786,2.0352077484131,2.0090563297272,2.0111804008484,2.0223879814148,2.0453503131866,2.0024576187134,2.0533332824707,2.0142879486084,1.9693847894669,2.0109753608704,1.9785422086716,1.9362908601761,2.1002101898193,2.0135064125061,2.0242755413055,2.0087921619415,2.0630705356598,2.0071747303009,2.0744633674622,2.0596132278442,2.0210106372833,1.9990895986557,2.11443567276,2.112734079361,2.0128509998322,1.9730894565582,1.9689056873322,2.0569500923157,1.9712229967117,1.9465826749802,1.9866805076599,1.9854310750961,1.9699242115021,2.0308010578156,2.0010776519775,1.981143951416,2.025054693222,1.9977889060974,2.0494508743286,2.0397582054138,1.9802821874619,1.9913794994354,1.9990206956863,2.0033695697784,2.080628156662,2.0755071640015,2.1229386329651,2.1126010417938,2.0043439865112,2.0113980770111,2.0359535217285,1.9382045269012,1.9577304124832,2.0381784439087,2.0293934345245,2.0304174423218,2.0151567459106,2.0799112319946,2.1135582923889,2.0837526321411,2.0641856193542,2.0393841266632,2.0460686683655,2.0571546554565,2.0826168060303,1.9951306581497,1.9935997724533,1.980434179306,1.9351369142532,1.9627025127411,1.9298089742661,2.0777456760406,2.0846750736237,1.9788665771484,1.9652729034424,1.9718452692032,1.9673478603363,1.9584056138992,1.9871937036514,2.0790143013,2.0269780158997,1.9860711097717,2.0453052520752,2.0156896114349,1.9965636730194,1.9844181537628,1.9963589906693,2.0207676887512,1.9830111265182,1.9712048768997,2.0025372505188,1.9330101013184,1.9091007709503,1.9788447618484,1.9923261404037,2.0011909008026,2.0150649547577,2.0311827659607,1.9880799055099,2.048033952713,2.0460834503174,2.0255296230316,2.0460474491119,2.0336916446686,2.0902504920959,2.0428383350372,1.9840919971466,2.0164260864258,1.958004117012,1.961040854454,1.9133456945419,2.0106775760651,1.9438892602921,2.0093908309937,1.9219191074371,1.9728969335556,1.9399619102478,1.9572674036026,1.9645167589188,2.0002436637878,1.9864459037781,1.8957179784775,2.0205540657043,1.9377185106277,1.9633238315582,1.9984761476517,2.0750954151154,2.0798766613007,2.037590265274,2.0266633033752,1.9834005832672,1.8863152265549,1.9316803216934,1.9620542526245,1.97572016716,1.9547003507614,1.9689766168594,2.0179994106293,1.9569183588028,1.9832427501678,1.9596841335297,2.0103394985199,2.0448913574219,2.1484365463257,2.04163646698,2.054539680481,2.0576641559601,2.0294044017792,2.0293071269989,2.1004073619843,